“à•”ID,–¼‘O
190357,0
163756,0
163757,0
163758,0
163759,0
163760,0
190358,0
190359,0
190360,0
163761,0
163762,0
190361,0
163763,0
190362,0
196146,0
163764,0
163765,0
163766,0
163767,0
163768,0
163769,0
163770,0
163771,0
163772,0
163773,0
163774,0
190363,0
163775,0
163776,0
163777,0
163778,0
190364,0
163779,0
190365,0
190366,0
190367,0
163780,0
190368,0
163781,0
163782,0
196147,0
190369,0
163783,0
190370,0
163784,0
190371,0
190372,0
190373,0
163785,0
197385,0
190374,0
163786,0
163787,0
163788,0
163789,0
190375,0
190376,0
163790,0
163791,0
163792,0
163793,0
163794,0
163795,0
163796,0
190377,0
197386,0
163797,0
190378,0
163798,0
163799,0
190379,0
163800,0
163801,0
190380,0
190381,0
163802,0
190382,0
190383,0
163803,0
190384,0
163804,0
163805,0
163806,0
190385,0
163807,0
163808,0
163809,0
163810,0
163811,0
163812,0
190386,0
190387,0
163813,0
163814,0
163815,0
190388,0
163816,0
163817,0
190389,0
163818,0
163819,0
163820,0
163821,0
190390,0
163822,0
190391,0
190392,0
163823,0
163824,0
190393,0
190394,0
163825,0
190395,0
196148,0
163826,0
190396,0
163827,0
163828,0
163829,0
163830,0
163831,0
190397,0
163832,0
163833,0
163834,0
163835,0
190398,0
190399,0
190400,0
190401,0
190402,0
163836,0
163837,0
163838,0
163839,0
163840,0
163841,0
163842,0
163843,0
163844,0
190403,0
163845,0
163846,0
163847,0
163848,0
163849,0
163850,0
163851,0
163852,0
163853,0
163854,0
196149,0
190404,0
163855,0
190405,0
163856,0
163857,0
163858,0
163859,0
163860,0
163861,0
163862,0
190406,0
163863,0
163864,0
163865,0
163866,0
196150,0
163867,0
190407,0
163868,0
163869,0
163870,0
163871,0
163872,0
163873,0
163874,0
163875,0