“à•”ID,âg‹c‚m‚n
104,B2009-125
105,B2009-135
106,B2010-015
107,B2010-070
108,B2010-084
109,B2010-103
110,B2010-118
111,B2010-119
112,B2010-120
113,B2010-159
114,B2011-024
115,B2011-025
116,B2011-029
117,B2011-032
118,B2011-048
119,B2011-053
120,B2011-092
121,B2011-115
122,B2011-136
123,B2011-138
124,B2011-151
125,B2011-152
126,B2011-156
127,B2012-018
128,B2012-021
129,B2012-024
130,B2012-049
131,B2012-075
132,B2012-080
133,B2012-081
134,B2012-095
135,B2012-105
136,B2012-110
137,B2012-111
138,B2101-017
139,B2101-023
140,B2101-025
141,B2101-033
142,B2101-039
143,B2101-054
144,B2101-059
145,B2101-071
146,B2101-116
147,B2101-126
148,B2101-140
149,B2102-001
150,B2102-002
151,B2102-016
152,B2102-022
153,B2102-037
154,B2102-038
155,B2102-050
156,B2102-055
157,B2102-059
158,B2102-062
159,B2102-090
160,B2102-094
161,B2102-096
162,B2102-107
163,B2102-111
164,B2102-114
165,B2102-121
166,B2102-133
167,B2102-154
169,B2103-002
170,B2103-009
171,B2103-026
172,B2103-031
173,B2103-035
174,B2103-043
175,B2103-051
176,B2103-053
177,B2103-054
178,B2103-057
179,B2103-064
180,B2103-076
181,B2103-078
182,B2103-095
183,B2103-114
184,B2103-120
185,B2103-133
186,B2103-134
187,B2103-139
188,B2103-148
189,B2103-149
190,B2103-156
191,B2103-162
192,B2103-165
193,B2103-167
194,B2103-168
195,B2103-171
197,B2103-194
198,B2103-203
200,B2103-211
201,B2103-215
202,B2103-216
204,B2103-227
205,B2104-002
206,B2104-009
207,B2104-025
208,B2104-027
209,B2104-032
210,B2104-033
211,B2104-035
213,B2104-044
214,B2104-057
215,B2104-058
216,B2104-060
217,B2104-062
218,B2104-064
219,B2104-065
220,B2104-079
221,B2104-081
222,B2104-082
223,B2104-095
224,B2104-099
225,B2104-100
226,B2104-101
227,B2104-103
228,B2104-106
229,B2104-108
230,B2104-110
231,B2104-113
232,B2104-114
233,B2104-115
234,B2104-116
235,B2104-117
236,B2104-119
237,B2104-121
238,B2104-122
239,B2104-123
240,B2104-125
241,B2104-126
242,B2104-127
243,B2104-128
244,B2104-130
245,B2104-131
246,B2104-133
247,B2104-136
248,B2104-139
249,B2104-140
250,B2104-141
251,B2104-142
252,B2104-144
253,B2104-146
254,B2104-147
255,B2104-148
257,B2104-151
258,B2104-152
259,B2104-158
260,B2104-168
261,B2104-170
263,B2105-002
264,B2105-003
265,B2105-004
266,B2105-008
267,B2105-009
268,B2105-012
269,B2105-013
270,B2105-015
272,B2105-021
273,B2105-022
275,B2105-024
276,B2105-028
277,B2105-029
278,B2105-030
279,B2105-031
280,B2105-032
281,B2105-033
282,B2105-034
283,B2105-035
285,B2105-037
286,B2105-038
287,B2105-039
288,B2105-042
289,B2105-043
290,B2105-045
291,B2105-046
292,B2105-047
293,B2105-048
294,B2105-049
295,B2105-050
296,B2105-051
297,B2105-052
298,B2105-053
299,B2105-054
300,B2105-055
301,B2105-056
302,B2105-057
303,B2105-058
304,B2105-059
305,B2105-060
306,B2105-061
307,B2105-062
308,B2105-063
309,B2105-064
311,B2105-066
312,B2105-067
313,B2105-068
314,B2105-069
315,B2105-070
316,B2105-071
317,B2105-072
318,B2105-073
319,B2105-074
320,B2105-075
321,B2105-076
322,B2105-077
324,B2105-079
325,B2105-080
326,B2105-081
327,B2105-082
329,B2105-084
330,B2105-085
331,B2105-086
332,B2105-087
333,B2105-088
334,B2105-089
335,B2105-090
336,B2105-091
337,B2105-092
338,B2105-093
339,B2105-094
340,B2105-095
341,B2105-096
342,B2105-097
343,B2105-098
344,B2105-099
345,B2105-100
346,B2105-101
347,B2105-103
348,B2105-105
349,B2105-106
350,B2105-107
352,B2105-110
353,B2105-111
354,B2105-112
355,B2105-113
356,B2105-114
357,B2105-115
358,B2105-116
359,B2105-117
361,B2105-119
362,B2105-120
363,B2105-121
364,B2105-122
365,B2105-123
366,B2105-124
367,B2105-125
369,B2105-127
370,B2105-130
371,B2105-131
372,B2105-132
373,B2105-133
374,B2105-135
375,B2105-137
376,B2105-138
377,B2105-139
378,B2105-140
379,B2105-141
380,B2105-142
381,B2105-143
382,B2105-144
383,B2105-145
384,B2105-146
386,B2105-148
387,B2105-149
388,B2105-150
389,B2105-151
392,B2105-154
393,B2105-155
394,B2105-156
395,B2105-157
396,B2105-158
397,B2105-159
398,B2105-160
399,B2105-161
400,B2105-163
401,B2105-164
402,B2105-165
403,B2105-167
404,B2105-168
405,B2105-169
406,B2105-170
407,B2105-171
408,B2105-172
409,B2105-175
410,B2105-176
411,B2105-177
412,B2105-178
413,B2105-180
414,B2106-001
415,B2106-002
416,B2106-003
417,B2106-004
418,B2106-005
419,B2106-006
420,B2106-007
421,B2106-008
422,B2106-009
423,B2106-010
424,B2106-011
425,B2106-012
426,B2106-013
429,B2106-016
430,B2106-017
431,B2106-018
432,B2106-019
433,B2106-020
434,B2106-021
435,B2106-022
436,B2106-023
437,B2106-024
438,B2106-025
439,B2106-026
442,B2106-029
443,B2106-030
444,B2106-031
446,B2106-033
447,B2106-034
448,B2106-035
449,B2106-036
451,B2106-038
452,B2106-039
454,B2106-042
455,B2106-043
456,B2106-044
457,B2106-045
458,B2106-047
459,B2106-048
460,B2106-049
461,B2106-051
462,B2106-052
463,B2106-053
464,B2106-054
466,B2106-056
467,B2106-057
468,B2106-058
469,B2106-059
470,B2106-060
471,B2106-062
472,B2106-064
473,B2106-065
475,B2106-067
476,B2106-071
477,B2106-072
478,B2106-073
479,B2106-075
480,B2106-076
481,B2106-077
482,B2106-078
485,B2106-082
486,B2106-083
487,B2106-084
488,B2106-085
489,B2106-086
490,B2106-088
492,B2106-091
493,B2106-093
494,B2106-095
495,B2106-096
496,B2106-098
497,B2106-100
498,B2106-101
499,B2106-102
500,B2106-103
501,B2106-104
502,B2106-105
503,B2106-106
504,B2106-107
507,B2106-112
508,B2106-113
509,B2106-114
511,B2106-116
512,B2106-117
513,B2106-118
514,B2106-119
515,B2106-120
516,B2106-121
517,B2106-122
518,B2106-123
519,B2106-124
520,B2106-125
521,B2106-126
522,B2106-128
523,B2106-129
524,B2106-131
525,B2106-132
526,B2106-133
527,B2106-134
528,B2106-135
529,B2106-136
530,B2106-137
531,B2106-138
533,B2106-140
534,B2106-141
535,B2106-142
536,B2106-143
537,B2106-144
539,B2106-147
544,B2106-153
547,B2106-156
548,B2106-157
549,B2106-158
550,B2106-159
551,B2106-160
552,B2106-161
553,B2106-162
555,B2106-164
556,B2106-165
558,B2106-167
559,B2106-168
560,B2106-169
561,B2106-170
562,B2106-171
563,B2106-172
564,B2106-174
565,B2106-175
566,B2106-176
568,B2106-178
570,B2106-180
573,B2106-183
575,B2106-185
576,B2106-186
577,B2106-187
578,B2106-188
579,B2106-189
580,B2106-191
581,B2106-192
582,B2106-193
583,B2106-194
584,B2106-196
585,B2106-198
587,B2106-200
588,B2106-201
589,B2106-202
590,B2106-203
591,B2106-204
592,B2107-001
593,B2107-002
594,B2107-003
595,B2107-004
596,B2107-006
597,B2107-007
598,B2107-008
600,B2107-012
602,B2107-014
603,B2107-015
604,B2107-016
605,B2107-017
606,B2107-018
607,B2107-019
608,B2107-020
609,B2107-022
610,B2107-023
611,B2107-024
612,B2107-025
614,B2107-027
617,B2107-032
618,B2107-033
619,B2107-034
620,B2107-035
621,B2107-036
624,B2107-039
625,B2107-040
626,B2107-041
627,B2107-042
629,B2107-044
630,B2107-045
631,B2107-046
632,B2107-047
633,B2107-050
634,B2107-051
642,B2107-060
643,B2107-061
644,B2107-062
647,B2107-066
648,B2107-067
650,B2107-069
651,B2107-070
704,99999
