“à•”ID,ŠO•”ID
6067,Y001
6068,Y002
6069,Y003
6070,Y004
6071,Y005
6072,Y006
6073,Y007
6074,Y008
6075,Y009
6076,Y010
6077,Y011
6078,Y012
6079,Y013
6080,Y014
6081,Y015
6082,Y016
6083,Y017
6084,Y018
6085,Y019
6086,Y020
6087,Y021
6088,Y022
6167,Z001
6168,Z002
6169,Z005
6170,Z006
6171,Z007
6172,Z008
6173,Z009
6174,Z010
6175,Z011
6176,Z012
6177,Z013
6178,Z014
6179,Z015
6180,Z016
6181,Z017
6182,Z018
6183,Z019
6184,Z020
6185,Z021
6186,Z022
6187,Z023
6188,Z024
6189,Z025
6190,Z026
6191,Z027
6192,Z028
6193,Z029
6194,Z030
6195,Z031
6196,Z032
6197,Z033
6198,Z034
6199,Z035
6200,Z036
6201,Z037
6202,Z038
6203,Z039
6204,Z040
6205,Z041
6206,Z042
6207,Z043
6208,Z044
6209,Z045
6210,Z046
6211,Z047
6212,Z048
6213,Z049
6214,Z050
6215,Z051
6216,Z052
6217,Z053
6218,Z054
6219,Z055
6220,Z056
6221,Z057
6222,Z058
6223,Z059
6224,Z060
6225,Z061
6226,Z062
6227,Z063
6228,Z064
6229,Z065
6230,Z066
6231,Z067
6232,Z068
6233,Z069
6234,Z070
6235,Z071
6236,Z072
6237,Z073
6238,Z074
6239,Z075
6240,Z076
6241,Z077
6242,Z078
6243,Z079
6244,Z080
6245,Z081
6246,Z082
6247,Z083
6248,Z084
6249,Z085
6250,Z086
6251,Z087
6252,Z088
6253,Z089
6254,Z090
6255,Z091
6256,Z092
6257,Z093
6258,Z094
6259,Z095
6260,Z096
6261,Z097
6262,Z098
6263,Z099
6264,Z100
6265,Z101
6266,Z102
6267,Z103
6268,Z104
6269,Z105
6270,Z106
6271,Z107
6272,Z108
6273,Z109
6274,Z110
6275,Z111
6276,Z112
6277,Z113
6278,Z114
6279,Z115
6280,Z116
6281,Z117
6282,Z118
6283,Z119
6284,Z120
6285,Z121
6286,Z122
6287,Z123
6288,Z124
6289,Z125
6290,Z126
6291,Z127
6292,Z128
6293,Z129
6294,Z130
6295,Z131
6296,Z132
6297,Z133
6298,Z134
6299,Z135
6300,Z136
6301,Z137
6302,Z138
6303,Z139
6304,Z140
6305,Z141
6306,Z142
6307,Z143
6308,Z144
6309,Z145
6310,Z146
6311,Z147
6312,Z148
6313,Z149
6314,Z150
6315,Z151
6316,Z152
6317,Z153
6318,Z154
6319,Z155
6320,Z156
6321,Z157
6322,Z158
6323,Z159
6324,Z160
6325,Z161
6326,Z162
6327,Z163
6328,Z164
6329,Z165
6330,Z166
6331,Z167
6332,Z168
6333,Z169
6334,Z170
6335,Z171
6336,Z172
6337,Z173
6338,Z174
6339,Z175
6340,Z176
6341,Z177
6342,Z178
6343,Z179
6344,Z180
6345,Z181
6346,Z182
6347,Z183
6348,Z184
6349,Z186
6350,Z187
6351,Z188
6352,Z189
6353,Z190
6354,Z191
6355,Z192
6356,Z193
6357,Z194
6358,Z195
6359,Z196
6360,Z197
6361,Z198
6362,Z199
6363,Z200
6364,Z201
6365,Z202
6366,Z203
6367,Z204
6368,Z205
6369,Z206
6370,Z207
6371,Z208
6372,Z209
6373,Z210
6374,Z211
6375,Z212
6376,Z213
6377,Z214
6378,Z215
6379,Z216
6380,Z217
6381,Z218
6382,Z219
6383,Z220
6384,Z221
6385,Z222
6386,Z224