“à•”ID,“ú•t
37103,2021/09/09
37105,2021/09/09
37106,2021/09/09
37108,2021/09/09
37109,2021/09/09
37111,2021/09/09
37112,2021/09/09
37113,2021/09/09
37114,2021/09/09
37116,2021/09/09
37117,2021/09/09
37119,2021/09/09
37121,2021/09/09
37123,2021/09/09
37125,2021/09/09
37126,2021/09/09
37127,2021/09/09
37129,2021/09/09
37131,2021/09/09
37132,2021/09/09
37134,2021/09/09
37135,2021/09/09
37136,2021/09/09
37138,2021/09/09
37139,2021/09/09
37141,2021/09/09
37143,2021/09/09
37145,2021/09/09
37147,2021/09/09
37149,2021/09/09
37150,2021/09/09
37152,2021/09/09
37153,2021/09/09
37155,2021/09/09
37157,2021/09/09
37158,2021/09/09
37160,2021/09/09
37162,2021/09/09
37164,2021/09/09
37166,2021/09/09
37168,2021/09/09
37169,2021/09/09
37171,2021/09/09
37173,2021/09/09
37175,2021/09/09
37177,2021/09/09
37179,2021/09/09
37181,2021/09/09
37183,2021/09/09
37185,2021/09/09
37187,2021/09/09
37189,2021/09/09
37191,2021/09/09
37193,2021/09/09
37195,2021/09/09
37197,2021/09/09
37199,2021/09/09
37201,2021/09/09
37203,2021/09/09
37205,2021/09/09
37207,2021/09/09