“à•”ID,code
4608,DhbZ017040
4609,DhbZ018040
4619,DhbZ056040
4627,DhbZ088040
7297,DhbZ101040
7298,DhbZ104040
7299,DhbZ176040
4647,DhbZ178040
4648,DhbZ179040
4649,DhbZ180040
4650,DhbZ181040
7300,DhbZ191040
4664,DhbZ218040
4667,DhbZ228040
4668,DhbZ229040
4669,DhbZ230040
4670,DhbZ231040
4671,DhbZ232040
4674,DhbZ235040
4677,DhbZ238040
4688,DhbZ249040
4699,DhbZ261040
4700,DhbZ262040
4701,DhbZ263040
4702,DhbZ264040
4703,DhbZ265040
4704,DhbZ266040
4705,DhbZ267040
7301,DhbZ269040
7302,DhbZ275040
4714,DhbZ277040
4715,DhbZ278040
4716,DhbZ279040
7303,DhbZ292040
4728,DhbZ293040
4729,DhbZ294040
7304,DhbZ295040
7305,DhbZ296040
7306,DhbZ297040
7307,DhbZ298040
4734,DhbZ299040
4735,DhbZ300040
4736,DhbZ301040
4737,DhbZ302040
4738,DhbZ303040
4739,DhbZ304040
4740,DhbZ305040
4741,DhbZ306040
4742,DhbZ307040
4743,DhbZ308040
4744,DhbZ309040
4745,DhbZ310040
4746,DhbZ311040
4747,DhbZ312040
4748,DhbZ313040
4749,DhbZ314040
4750,DhbZ315040
4751,DhbZ316040
4758,ChbZ015040
4759,ChbZ016040
7308,ChbZ055040
4774,ChbZ064040
4776,ChbZ079040
7309,ChbZ080040
7310,ChbZ085040
7311,ChbZ088040
7312,ChbZ091040
7313,ChbZ094040
7314,ChbZ097040
7315,ChbZ098040
7316,ChbZ099040
7317,ChbZ100040
7318,ChbZ101040
7319,ChbZ103040
7320,ChbZ104040
7321,ChbZ105040
4809,ChbZ112040
4810,ChbZ113040
4811,ChbZ114040
7322,ChbZ115040
7323,IhbZ022040
7324,IhbZ025040
7325,IhbZ045040
4860,ShbZ026040
4862,ShbZ042040
4864,ShbZ044040
7326,ShbZ049040
7327,ShbZ051040
7328,ShbZ052040
7329,ShbZ053040
7330,ShbZ054040
7331,ShbZ055040
7332,ShbZ056040
4877,ShbZ057040
4878,ShbZ058040
4879,ShbZ059040
4880,ShbZ060040
4881,ShbZ061040
4882,ShbZ062040
7333,ShbZ072040
7334,ShbZ073040
7335,ShbZ074040
7336,ShbZ075040
4896,ShbZ076040
4897,ShbZ077040
4898,ShbZ078040
7337,ShbZ079040
4900,ShbZ080040
4901,ShbZ081040
4902,ShbZ082040
4903,ShbZ083040
4904,ShbZ084040
4910,ShbZ090040
4911,ShbZ091040
4912,ShbZ092040
7338,ShbZ095040
7339,ShbZ097040
4918,ShbZ098040
4919,ShbZ099040
7340,ShbZ100040
4921,ShbZ101040
4922,ShbZ102040
4923,ShbZ103040
4924,ShbZ104040
4925,ShbZ105040
4926,ShbZ106040
7341,ChbZ021040
5001,ChbZ061040
4996,DhbZ173040
4997,DhbZ094040
4998,DhbZ127040
7342,DhbZ02504P
7343,DhbZ02604P
7344,DhbZ02704P
7345,DhbZ18204P
7346,DhbZ23604P
7347,ChbZ08604P
7348,ChbZ08904P
7349,ChbZ09204P
7350,ChbZ09504P
7351,ChbZ10604P
7352,ChbZ10804P
7353,ChbZ11004P
7354,DhbZ016040
7355,DhbZ030040
7356,DhbZ032040
7357,DhbZ034040
7358,DhbZ037040
7359,DhbZ039040
7360,DhbZ041040
7361,DhbZ044040
7362,DhbZ046040
7363,DhbZ049040
7364,DhbZ050040
7365,DhbZ060040
7366,DhbZ065040
7367,DhbZ071040
7368,DhbZ073040
7369,DhbZ075040
7370,DhbZ077040
7371,DhbZ078040
7372,DhbZ079040
7373,DhbZ080040
7374,DhbZ083040
7375,DhbZ087040
7376,DhbZ089040
7377,DhbZ095040
7378,DhbZ103040
7379,DhbZ109040
7380,DhbZ110040
7381,DhbZ111040
7382,DhbZ114040
7383,DhbZ115040
7384,DhbZ116040
7385,DhbZ117040
7386,DhbZ118040
7387,DhbZ119040
7388,DhbZ120040
7389,DhbZ121040
7390,DhbZ122040
7391,DhbZ123040
7392,DhbZ124040
7393,DhbZ125040
7394,DhbZ129040
7395,DhbZ130040
7396,DhbZ132040
7397,Dhbz134040
7398,Dhbz135040
7399,DhbZ136040
7400,DhbZ138040
7401,DhbZ139040
7402,DhbZ142040
7403,DhbZ143040
7404,DhbZ145040
7405,DhbZ146040
7406,DhbZ147040
7407,DhbZ148040
7408,DhbZ150040
7409,DhbZ151040
7410,DhbZ152040
7411,DhbZ153040
7412,DhbZ155040
7413,DhbZ158040
7414,DhbZ168040
7415,DhbZ169040
7416,DhbZ170040
7417,DhbZ171040
7418,DhbZ177040
7419,DhbZ187040
7420,DhbZ192040
7421,DhbZ196040
7422,DhbZ200040
7423,DhbZ204040
7424,DhbZ205040
7425,DhbZ206040
7426,DhbZ207040
7427,DhbZ222040
7428,DhbZ223040
7429,DhbZ224040
7430,ChbZ001040
7431,ChbZ013040
7432,ChbZ018040
7433,ChbZ019040
7434,ChbZ020040
7435,ChbZ022040
7436,ChbZ026040
7437,ChbZ030040
7438,ChbZ031040
7439,ChbZ032040
7440,ChbZ035040
7441,ChbZ036040
7442,ChbZ038040
7443,ChbZ039040
7444,ChbZ040040
7445,ChbZ041040
7446,ChbZ042040
7447,ChbZ043040
7448,ChbZ046040
7449,ChbZ047040
7450,ChbZ048040
7451,ChbZ049040
7452,ChbZ052040
7453,ChbZ054040
7454,ChbZ062040
7455,ChbZ068040
7457,DhbZ221040
7458,ChbZ069040
7459,ChbZ072040
7461,ChbZ074040
7462,ChbZ070040
7463,ChbZ071040
7464,RTM0011
7465,RTM0013
7466,RTM0014
7467,RTM0016
7468,RTM0017
7469,RTM0018
7470,RTM0019
7471,RTM0020
7472,ShbZ001040
7473,ShbZ002040
7474,ShbZ003040
7475,ShbZ006040
7476,ShbZ011040
7477,ShbZ014040
7478,ShbZ015040
7479,ShbZ016040
7480,ShbZ017040
7481,ShbZ018040
7482,ShbZ019040
7483,ShbZ020040
7484,ShbZ021040
7485,ShbZ022040
7486,ShbZ023040
7487,ShbZ024040
7488,ShbZ025040
7489,ShbZ027040
7490,ShbZ028040
7491,ShbZ029040
7492,ShbZ031040
7493,ShbZ032040
7494,ShbZ034040
7495,ShbZ035040
7496,ShbZ036040
7497,ShbZ037040
7498,ShbZ038040
7499,ShbZ039040
7500,ShbZ041040
4596,DhbZ004040
4597,DhbZ005040
4598,DhbZ006040
4599,DhbZ007040
4600,DhbZ008040
4601,DhbZ009040
4613,DhbZ035040
4614,DhbZ038040
4615,DhbZ040040
4621,DhbZ062040
4623,DhbZ064040
4624,DhbZ076040
4625,DhbZ082040
4635,DhbZ128040
7197,DhbZ183040
4651,DhbZ184040
4657,DhbZ203040
7198,DhbZ212040
7199,DhbZ213040
7200,DhbZ214040
4673,DhbZ234040
4675,DhbZ236040
7201,DhbZ237040
4678,DhbZ239040
4679,DhbZ240040
4680,DhbZ241040
7202,DhbZ242040
7203,DhbZ243040
4683,DhbZ244040
4684,DhbZ245040
4685,DhbZ246040
4686,DhbZ247040
4687,DhbZ248040
4689,DhbZ250040
4690,DhbZ251040
4691,DhbZ252040
4692,DhbZ253040
4693,DhbZ254040
4694,DhbZ255040
4695,DhbZ256040
4696,DhbZ257040
4697,DhbZ259040
4698,DhbZ260040
4706,DhbZ268040
7204,DhbZ272040
7205,DhbZ273040
7206,DhbZ274040
7207,DhbZ280040
7208,DhbZ281040
7209,DhbZ284040
7210,DhbZ285040
7211,DhbZ287040
7212,DhbZ289040
7213,DhbZ290040
7214,DhbZ291040
4773,ChbZ063040
7215,ChbZ081040
4779,ChbZ082040
4780,ChbZ083040
4781,ChbZ084040
7216,ChbZ086040
7217,ChbZ087040
7218,ChbZ089040
7219,ChbZ090040
7220,ChbZ092040
7221,ChbZ093040
7222,ChbZ095040
7223,ChbZ096040
7224,ChbZ102040
7225,ChbZ106040
7226,ChbZ107040
7227,ChbZ108040
7228,ChbZ109040
7229,ChbZ110040
7230,ChbZ111040
4819,IhbZ007040
4820,IhbZ008040
4821,IhbZ009040
4822,IhbZ010040
4823,IhbZ011040
4824,IhbZ012040
4830,IhbZ024040
4832,IhbZ026040
4833,IhbZ027040
4834,IhbZ028040
4846,IhbZ040040
4852,ShbZ004040
4853,ShbZ005040
4854,ShbZ007040
4855,ShbZ008040
4856,ShbZ009040
4857,ShbZ010040
4858,ShbZ012040
4859,ShbZ013040
4861,ShbZ040040
4884,ShbZ064040
4885,ShbZ065040
4886,ShbZ066040
4887,ShbZ067040
4888,ShbZ068040
7231,ShbZ069040
7232,ShbZ070040
7233,ShbZ071040
4905,ShbZ085040
4906,ShbZ086040
4907,ShbZ087040
4908,ShbZ088040
4909,ShbZ089040
7234,ShbZ096040